{
  "dataset_path": "Car details v3.xls",
  "train_rows": 5476,
  "test_rows": 1505,
  "final_train_loss": 0.11236972613043564,
  "test_rmse": 27387.68359375,
  "cv_rmse": 16860.039713541668,
  "best_hyperparameters": {
    "dropout": 0.1,
    "learning_rate": 0.0001,
    "weight_decay": 0.0001
  }
}